<?xml version="1.0" encoding="UTF-8" ?>

<container xmlns="http://symfony.com/schema/dic/services"
           xmlns:xsi="http://www.w3.org/2001/XMLSchema-instance"
           xsi:schemaLocation="http://symfony.com/schema/dic/services http://symfony.com/schema/dic/services/services-1.0.xsd">

    <services>
        <service id="vich_uploader.storage.flysystem" class="Vich\UploaderBundle\Storage\FlysystemStorage" public="false">
            <argument type="service" id="vich_uploader.property_mapping_factory" />
            <argument /><!-- Populated by RegisterFlysystemRegistryPass -->
            <argument>%vich_uploader.use_flysystem_to_resolve_uri%</argument>
        </service>
        <service id="Vich\UploaderBundle\Storage\FlysystemStorage" alias="vich_uploader.storage.flysystem" public="false"/>
    </services>
</container>
